Entry Key,PID,MID,A,I1,I2,J,NSM,C1,C2,D1,D2,E1,E2,F1,F2,K1,K2,I12
PBAR,1,174001,906.,4302.,12909.,13428.,,,,,,,,,,,,
PBAR,2,1,351.,146000.,,,,,,,,,,,,,,
PBAR,3,1,148.,77600.,,,,,,,,,,,,,,
PBAR,4,1,151.,84100.,,,,,,,,,,,,,,
PBAR,5,1,231.,147000.,,,,,,,,,,,,,,
PBAR,6,1,307.,203000.,,,,,,,,,,,,,,
PBAR,7,1,239.,172000.,,,,,,,,,,,,,,
PBAR,8,1,169.,132000.,,,,,,,,,,,,,,
PBAR,9,1,166.,124000.,,,,,,,,,,,,,,
PBAR,10,1,174.,148000.,,,,,,,,,,,,,,
PBAR,11,1,252.,221000.,,,,,,,,,,,,,,
PBAR,12,1,171.,140000.,,,,,,,,,,,,,,
PBAR,13,1,174.,106000.,,,,,,,,,,,,,,
PBAR,14,1,150.,75000.,,,,,,,,,,,,,,
PBAR,15,1,164.,96000.,,,,,,,,,,,,,,
PBAR,16,1,149.,61000.,,,,,,,,,,,,,,
PBAR,17,1,157.,75000.,,,,,,,,,,,,,,
PBAR,18,1,141.,48000.,,,,,,,,,,,,,,
PBAR,19,1,390.,149000.,,,,,,,,,,,,,,
PBAR,20,1,708.,191380.,1.8489+6,2848.,,,,,,,,,,,,
PBAR,21,1,125.,66000.,,,,,,,,,,,,,,
PBAR,22,1,147.,63000.,,,,,,,,,,,,,,
PBAR,23,150001,743.245,878181.,,,,,,,,,,,,1.,1.,
PBAR,24,2,171.,65500.,14800.,164.,,,,,,,,,,,,
PBAR,25,170901,710.76,855475.,,,,,,,,,,,,,,
PBAR,26,170901,427.02,511000.,10.,10.,,,,,,,,,,,,
PBAR,44,170901,363.64,435000.,10.,10.,,,,,,,,,,,,
PBAR,45,160001,631.762,319394.,150263.,3661.18,,,,,,,,,,.181921,.600766,-.45915
PBAR,46,160001,452.186,213025.,130374.,1221.13,,,,,,,,,,.209696,.558843,.103065
PBAR,173087,174004,351.,146000.,,,,,,,,,,,,,,
PBAR,150016,150001,128.,56700.,,,,,,,,,,,,,,
PBAR,150043,150001,493.4,204217.,,,,,,,,,,,,,,
PBAR,150248,150001,154.,67600.,,,,,,,,,,,,,,
PBAR,150249,150001,180.,78400.,,,,,,,,,,,,,,
PBAR,150250,150001,170.,71700.,,,,,,,,,,,,,,
PBAR,150251,150001,161.,64900.,,,,,,,,,,,,,,
PBAR,150252,150001,162.,66400.,,,,,,,,,,,,,,
PBAR,150253,150001,168.,77500.,,,,,,,,,,,,,,
PBAR,150254,150001,255.,140000.,,,,,,,,,,,,,,
PBAR,150255,150001,336.,193000.,,,,,,,,,,,,,,
PBAR,150257,150001,259.,149000.,,,,,,,,,,,,,,
PBAR,150258,150001,183.,106000.,,,,,,,,,,,,,,
PBAR,150259,150001,193.,127000.,,,,,,,,,,,,,,
PBAR,150260,150001,204.,149000.,,,,,,,,,,,,,,
PBAR,150261,150001,221.,172000.,,,,,,,,,,,,,,
PBAR,150262,150001,238.,195000.,,,,,,,,,,,,,,
PBAR,150263,150001,209.,155000.,,,,,,,,,,,,,,
PBAR,150264,150001,181.,94300.,,,,,,,,,,,,,,
PBAR,150265,150001,192.,93000.,,,,,,,,,,,,,,
PBAR,150266,150001,222.,126000.,,,,,,,,,,,,,,
PBAR,150267,150001,139.,17000.,,,,,,,,,,,,,,
PBAR,150268,150001,239.,132000.,,,,,,,,,,,,,,
PBAR,150269,150001,199.,86700.,,,,,,,,,,,,,,
PBAR,150270,150001,162.,49200.,,,,,,,,,,,,,,
PBAR,150271,150001,121.,24900.,,,,,,,,,,,,,,
PBAR,150272,150001,1.,94500.,,,,,,,,,,,,,,
PBAR,150273,150001,246.,100000.,,,,,,,,,,,,,,
PBAR,160001,160001,473.,1.01+6,50000.,50000.,,,,,,,,,,,,
PBAR,160002,160001,277.,490000.,10000.,10000.,,,,,,,,,,,,
PBAR,160003,160001,365.,580000.,20000.,20000.,,,,,,,,,,,,
PBAR,160004,160001,629.,680000.,50000.,50000.,,,,,,,,,,,,
PBAR,160005,160001,1000.,9.9+8,9.9+8,9.9+8,,,,,,,,,,,,
PBAR,160009,160001,.01,.01,.01,.01,,,,,,,,,,,,
PBAR,160010,160001,.01,.01,,,,,,,,,,,,,,
PBAR,160011,160001,165.,86000.,,,,,,,,,,,,,,
PBAR,160012,160001,185.,95000.,,,,,,,,,,,,,,
PBAR,160013,160001,208.,107000.,,,,,,,,,,,,,,
PBAR,160014,160001,222.,140000.,,,,,,,,,,,,,,
PBAR,160015,160001,377.,255000.,,,,,,,,,,,,,,
PBAR,160016,160001,392.,292000.,,,,,,,,,,,,,,
PBAR,160018,160001,380.,262000.,,,,,,,,,,,,,,
PBAR,160019,160001,235.,175000.,,,,,,,,,,,,,,
PBAR,160020,160001,234.,171000.,,,,,,,,,,,,,,
PBAR,160021,160001,237.,179000.,,,,,,,,,,,,,,
PBAR,160022,160001,221.,183000.,,,,,,,,,,,,,,
PBAR,160023,160001,231.,218000.,,,,,,,,,,,,,,
PBAR,160024,160001,400.,356000.,,,,,,,,,,,,,,
PBAR,160025,160001,211.,153000.,,,,,,,,,,,,,,
PBAR,160026,160001,392.,233000.,,,,,,,,,,,,,,
PBAR,160027,160001,150.,75000.,,,,,,,,,,,,,,
PBAR,160028,160001,188.,97200.,,,,,,,,,,,,,,
PBAR,160029,160001,54.,40.,1500.,140.,,,,,,,,,,,,
PBAR,160032,160001,164.,96000.,,,,,,,,,,,,,,
PBAR,160033,160001,149.,61000.,,,,,,,,,,,,,,
PBAR,160034,160001,713.,190000.,11.,11.,,,,,,,,,,,,
PBAR,160035,160001,157.,75000.,,,,,,,,,,,,,,
PBAR,160036,160001,141.,48000.,,,,,,,,,,,,,,
PBAR,160037,160001,322.,102000.,,,,,,,,,,,,,,
PBAR,160038,160001,45.,690.,35.,120.,,,,,,,,,,,,
PBAR,160039,160001,110.,4430.,230.,785.,,,,,,,,,,,,
PBAR,160040,160001,55.,2200.,30.,110.,,,,,,,,,,,,
PBAR,160041,160001,54.,1500.,40.,140.,,,,,,,,,,,,
PBAR,160042,160001,1.,100.,100.,100.,,,,,,,,,,,,
PBAR,160043,160001,80.,2200.,220.,220.,,,,,,,,,,,,
PBAR,160044,160001,165.,85800.,,,,,,,,,,,,,,
PBAR,160045,160001,220.,100000.,,,,,,,,,,,,,,
PBAR,160047,160001,200.,100000.,,,,,,,,,,,,,,
PBAR,160048,160001,440.,530000.,,,,,,,,,,,,,,
PBAR,160049,160001,80.,2600.,110.,285.,,,,,,,,,,,,
PBAR,160050,160001,300.,600000.,18000.,780.,,,,,,,,,,,,
PBAR,160051,160001,152.,16000.,9600.,220.,,,,,,,,,,,,
PBAR,160052,160001,100.,11000.,7800.,220.,,,,,,,,,,,,
PBAR,160053,160001,760.,4.05+6,,,,,,,,,,,,,,
PBAR,160054,160001,140.,5000.,2000.,420.,,,,,,,,,,,,
PBAR,160055,160001,51.,461000.,16000.,100.,,,,,,,,,,,,
PBAR,160056,160001,720.,2.34+6,,,,,,,,,,,,,,
PBAR,160057,160001,280.,217000.,,,,,,,,,,,,,,
PBAR,160058,160001,417.,368000.,,,,,,,,,,,,,,
PBAR,160060,160001,400.,239000.,,,,,,,,,,,,,,
PBAR,160061,160001,450.,272000.,,,,,,,,,,,,,,
PBAR,160062,160001,270.,216000.,18000.,690.,,,,,,,,,,,,
PBAR,160064,160001,160.,21300.,215.,375.,,,,,,,,,,,,
PBAR,160065,160001,66.,2660.,50.,200.,,,,,,,,,,,,
PBAR,160066,160001,250.,43000.,43000.,880.,,,,,,,,,,,,
PBAR,160067,160001,210.,139000.,42000.,600.,,,,,,,,,,,,
PBAR,160068,160001,197.,57400.,3000.,3000.,,,,,,,,,,,,
PBAR,160069,160001,197.,57400.,3000.,300.,,,,,,,,,,,,
PBAR,160071,160001,242.,173000.,,,,,,,,,,,,,,
PBAR,160072,160001,269.,121000.,,,,,,,,,,,,,,
PBAR,160073,160001,10.,2200.,220.,220.,,,,,,,,,,,,
PBAR,160074,160001,115.,4700.,1600.,2200.,,,,,,,,,,,,
PBAR,160075,160001,260.,215000.,18000.,700.,,,,,,,,,,,,
PBAR,160077,160001,590.,1.13+6,116000.,2200.,,,,,,,,,,,,
PBAR,160078,160001,438.,790000.,24000.,900.,,,,,,,,,,,,
PBAR,160079,160001,1.,2200.,220.,220.,,,,,,,,,,,,
PBAR,160080,160001,126.,13000.,11000.,320.,,,,,,,,,,,,
PBAR,160081,160001,890.,5.23+6,131000.,3100.,,,,,,,,,,,,
PBAR,160082,160001,126.,18000.,100.,360.,,,,,,,,,,,,
PBAR,160083,160001,260.,28000.,16000.,800.,,,,,,,,,,,,
PBAR,160084,160001,200.,28000.,2000.,600.,,,,,,,,,,,,
PBAR,160085,160001,750.,2.52+6,152000.,2600.,,,,,,,,,,,,
PBAR,160086,160001,230.,186000.,5000.,400.,,,,,,,,,,,,
PBAR,160087,160001,197.,23000.,16000.,420.,,,,,,,,,,,,
PBAR,160088,160001,384.,5200.,524000.,2200.,,,,,,,,,,,,
PBAR,160089,160001,428.,9370.,524000.,4000.,,,,,,,,,,,,
PBAR,160090,160001,40.,1300.,20.,100.,,,,,,,,,,,,
PBAR,160091,160001,208.,110000.,,,,,,,,,,,,,,
PBAR,160092,160001,222.,139000.,,,,,,,,,,,,,,
PBAR,160093,160001,300.,6000.,18000.,780.,,,,,,,,,,,,
PBAR,160094,160001,200.,2000.,28000.,600.,,,,,,,,,,,,
PBAR,160095,160001,590.,1.13+6,115000.,2200.,,,,,,,,,,,,
PBAR,160096,160001,890.,5.23+6,173000.,3100.,,,,,,,,,,,,
PBAR,160097,160001,320.,257000.,33000.,870.,,,,,,,,,,,,
PBAR,160098,160001,52.,480.,200.,100.,,,,,,,,,,,,
PBAR,160099,160001,.01,15000.,,,,,,,,,,,,,,
PBAR,160100,160001,400.,140000.,100000.,1000.,,,,,,,,,,,,
PBAR,160101,160001,140.,59400.,,,,,,,,,,,,,,
PBAR,160102,160001,156.,61500.,,,,,,,,,,,,,,
PBAR,160103,160001,159.,63200.,,,,,,,,,,,,,,
PBAR,160104,160001,176.,69100.,,,,,,,,,,,,,,
PBAR,160105,160001,194.,101000.,,,,,,,,,,,,,,
PBAR,160106,160001,212.,140000.,,,,,,,,,,,,,,
PBAR,160107,160001,380.,251000.,,,,,,,,,,,,,,
PBAR,160108,160001,367.,224000.,,,,,,,,,,,,,,
PBAR,160109,160001,207.,129000.,,,,,,,,,,,,,,
PBAR,160110,160001,206.,126000.,,,,,,,,,,,,,,
PBAR,160111,160001,209.,132000.,,,,,,,,,,,,,,
PBAR,160112,160001,216.,150000.,,,,,,,,,,,,,,
PBAR,160113,160001,206.,165000.,,,,,,,,,,,,,,
PBAR,160114,160001,385.,295000.,,,,,,,,,,,,,,
PBAR,160115,160001,185.,113000.,,,,,,,,,,,,,,
PBAR,160116,160001,217.,122000.,,,,,,,,,,,,,,
PBAR,160117,160001,425.,227000.,,,,,,,,,,,,,,
PBAR,160118,160001,244.,80000.,,,,,,,,,,,,,,
PBAR,160119,160001,163.,69000.,,,,,,,,,,,,,,
PBAR,160164,160001,261.,133700.,,,,,,,,,,,,,,
PBAR,160165,160001,493.4,204217.,,,,,,,,,,,,,,
PBAR,160167,160001,190.5,75000.,20000.,440.,,,,,,,,,,,,
PBAR,160168,160001,171.,65500.,14800.,200.,,,,,,,,,,,,
PBAR,160169,160001,124.,13292.,10977.,151.,,,,,,,,,,,,
PBAR,160170,160001,151.8,15978.,12600.,269.,,,,,,,,,,,,
PBAR,160171,160001,192.,19019.,16621.,568.,,,,,,,,,,,,
PBAR,160172,160001,120.,12764.,9290.,146.,,,,,,,,,,,,
PBAR,170006,174001,.1,1.2,,,,,,,,,,,,,,
PBAR,170052,174004,235.,174000.,,,,,,,,,,,,,,
PBAR,170090,174002,302.,1434.,,4476.,,,,,,,,,,,,
PBAR,170091,174002,302.,1434.,4303.,4476.,,,,,,,,,,,,
PBAR,170092,174002,302.,1434.,4303.,4476.,,,,,,,,,,,,
PBAR,170106,174001,906.,4302.,12909.,13428.,,,,,,,,,,,,
PBAR,170107,174001,906.,4302.,12909.,13428.,,,,,,,,,,,,
PBAR,170108,174003,1760.,440000.,38000.,120.,,,,,,,,,,,,
PBAR,170109,174002,906.,4302.,,13428.,,,,,,,,,,,,
PBAR,170179,174004,177.,88765.,,,,,,,,,,,,,,
PBAR,170180,174004,191.,93120.,,,,,,,,,,,,,,
PBAR,170181,174004,285.,130415.,,,,,,,,,,,,,,
PBAR,170206,174002,906.,4302.,12909.,13428.,,,,,,,,,,,,
PBAR,170207,174002,906.,4302.,12909.,13428.,,,,,,,,,,,,
PBAR,170223,174004,335.,217000.,,,,,,,,,,,,,,
PBAR,170224,174004,299.,137000.,,,,,,,,,,,,,,
PBAR,170302,174001,10.,45419.,,,,,,,,,,,,,,
PBAR,170303,174001,10.,54654.,,,,,,,,,,,,,,
PBAR,170306,174001,906.,4302.,,13428.,,,,,,,,,,,,
PBAR,170311,174001,10.,532.8,500.,2130.,,,,,,,,,,,,
PBAR,170312,174001,10.,824.4,800.,3290.,,,,,,,,,,,,
PBAR,170313,174001,10.,1600.,1600.,6390.,,,,,,,,,,,,
PBAR,170314,174001,10.,1066.,1000.,4258.,,,,,,,,,,,,
PBAR,170315,174001,10.,532.8,500.,2130.,,,,,,,,,,,,
PBAR,170316,174001,10.,157.9,100.,631.,,,,,,,,,,,,
PBAR,170317,174001,10.,244.,200.,976.,,,,,,,,,,,,
PBAR,170318,174001,10.,474.,400.,1895.,,,,,,,,,,,,
PBAR,170319,174001,10.,316.,300.,1262.,,,,,,,,,,,,
PBAR,170320,174001,10.,157.9,100.,631.,,,,,,,,,,,,
PBAR,170400,174001,538.,430143.,42364.8,54200.,,,,,,,,,,,,
PBAR,170401,174001,454.,206572.,39820.6,54200.,,,,,,,,,,,,
PBAR,170402,174004,324.,51632.,35147.,54200.,,,,,,,,,,,,
PBAR,170403,174004,163.,3565.,,,,,,,,,,,,,,
PBAR,170404,174004,63.,493.,,,,,,,,,,,,,,
PBAR,170405,174004,95.,9106.3,8400.5,100.,,,,,,,,,,,,
PBAR,170406,174004,90.,67.5,6750.,11.,,,,,,,,,,,,
PBAR,170407,174004,153.,10464.,10464.,2848.,,,,,,,,,,,,
PBAR,170408,174004,66.,4212.5,405.,100.,,,,,,,,,,,,
PBAR,170409,174004,128.7,1300.,200.,100.,,,,,,,,,,,,
PBAR,170410,174004,150.,15000.,,,,,,,,,,,,,,
PBAR,170411,173002,10.,195934.,6695.,100.,,,,,,,,,,,,
PBAR,170412,173002,170.,344110.,7460.,100.,,,,,,,,,,,,
PBAR,170413,173002,419.,871900.,24344.,100.,,,,,,,,,,,,
PBAR,170414,173002,623.8,1.7192+6,118683.,100.,,,,,,,,,,,,
PBAR,47,174004,493.4,204217.,,,,,,,,,,,,,,
PBAR,173178,174004,125.,65600.,,,,,,,,,,,,,,
PBAR,173179,174004,137.,71600.,,,,,,,,,,,,,,
PBAR,173180,174004,148.,77600.,,,,,,,,,,,,,,
PBAR,173181,174004,151.,84100.,,,,,,,,,,,,,,
PBAR,173182,174004,231.,147000.,,,,,,,,,,,,,,
PBAR,173183,174004,307.,203000.,,,,,,,,,,,,,,
PBAR,173184,174004,239.,172000.,,,,,,,,,,,,,,
PBAR,173185,174004,169.,132000.,,,,,,,,,,,,,,
PBAR,173186,174004,166.,124000.,,,,,,,,,,,,,,
PBAR,173187,174004,174.,148000.,,,,,,,,,,,,,,
PBAR,173188,174004,252.,221000.,,,,,,,,,,,,,,
PBAR,173189,174004,171.,140000.,,,,,,,,,,,,,,
PBAR,173190,174004,174.,106000.,,,,,,,,,,,,,,
PBAR,173191,174004,228.,157000.,,,,,,,,,,,,,,
PBAR,173195,174004,150.,75000.,,,,,,,,,,,,,,
PBAR,173203,174004,164.,96000.,,,,,,,,,,,,,,
PBAR,173204,174004,149.,61000.,,,,,,,,,,,,,,
PBAR,173205,174004,11.,110.,11.,11.,,,,,,,,,,,,
PBAR,173206,174004,157.,75000.,,,,,,,,,,,,,,
PBAR,173207,174004,141.,48000.,,,,,,,,,,,,,,
PBAR,173208,174004,390.,149000.,,,,,,,,,,,,,,
PBAR,173209,174004,708.,191380.,1.8489+6,2848.,,,,,,,,,,,,
PBAR,173210,174004,125.,66000.,,,,,,,,,,,,,,
PBAR,173212,174004,147.,63000.,,,,,,,,,,,,,,
PBAR,173213,174004,210.,103000.,,,,,,,,,,,,,,
PBAR,173214,174004,252.,195000.,,,,,,,,,,,,,,
PBAR,173215,174004,357.,232000.,,,,,,,,,,,,,,
PBAR,173216,174004,330.,151000.,,,,,,,,,,,,,,
PBAR,173217,174004,304.,139000.,,,,,,,,,,,,,,
PBAR,173218,174004,168.,87500.,,,,,,,,,,,,,,
PBAR,173220,174004,312.,78000.,,,,,,,,,,,,,,
PBAR,173221,174004,168.,88000.,,,,,,,,,,,,,,
PBAR,173222,174004,230.,176000.,,,,,,,,,,,,,,
PBAR,173223,174004,294.,200000.,,,,,,,,,,,,,,
PBAR,173224,174004,218.,133000.,,,,,,,,,,,,,,
PBAR,173226,174004,148.,78000.,,,,,,,,,,,,,,
PBAR,173228,174004,238.,225000.,,,,,,,,,,,,,,
PBAR,173229,174004,313.,349000.,,,,,,,,,,,,,,
PBAR,173230,174004,236.,216000.,,,,,,,,,,,,,,
PBAR,173231,174004,351.,146000.,,,,,,,,,,,,,,
PBAR,173232,174004,151.,41000.,,,,,,,,,,,,,,
PBAR,173235,174004,235.,107000.,,,,,,,,,,,,,,
PBAR,173236,174004,1.,15000.,100.,100.,,,,,,,,,,,,
PBAR,173237,174004,242.,129000.,,,,,,,,,,,,,,
PBAR,173238,174004,468.,336000.,,,,,,,,,,,,,,
PBAR,173239,174004,492.,396000.,,,,,,,,,,,,,,
PBAR,173241,174004,175.,140000.,,,,,,,,,,,,,,
PBAR,173242,174004,308.,272000.,,,,,,,,,,,,,,
PBAR,173243,174004,502.,460000.,,,,,,,,,,,,,,
PBAR,173244,174004,244.,126000.,,,,,,,,,,,,,,
PBAR,173245,174004,204.,124000.,,,,,,,,,,,,,,
PBAR,173246,174004,275.,126000.,,,,,,,,,,,,,,
PBAR,173247,174004,148.,66700.,,,,,,,,,,,,,,
PBAR,173248,174004,1.,15000.,100.,,,,,,,,,,,,,
PBAR,173249,174004,5.,733.,366.,366.,,,,,,,,,,,,
PBAR,173250,174004,493.4,204217.,,,,,,,,,,,,,,
PBAR,173253,174004,10.,100000.,10000.,10000.,,,,,,,,,,,,
PBAR,173254,174004,342.,186000.,,,,,,,,,,,,,,
PBAR,173255,174004,448.,235000.,,,,,,,,,,,,,,
PBAR,173257,174004,810.,970000.,,,,,,,,,,,,,,
PBAR,173258,174004,484.,710000.,,,,,,,,,,,,,,
PBAR,173260,174004,484.,716000.,,,,,,,,,,,,,,
PBAR,173261,174004,488.,745000.,,,,,,,,,,,,,,
PBAR,173262,174004,543.,920000.,,,,,,,,,,,,,,
PBAR,173263,173002,649.,1.19+6,,,,,,,,,,,,,,
PBAR,173264,173002,614.,1.17+6,,,,,,,,,,,,,,
PBAR,173265,174004,480.,802000.,,,,,,,,,,,,,,
PBAR,173266,174004,450.,588000.,,,,,,,,,,,,,,
PBAR,173267,174004,450.,590000.,,,,,,,,,,,,,,
PBAR,173268,173002,966.,1.+6,,,,,,,,,,,,,,
PBAR,173269,174004,5.,864.,432.,432.,,,,,,,,,,,,
PBAR,173270,174004,996.,410000.,,,,,,,,,,,,,,
PBAR,173271,174004,498.,78000.,,,,,,,,,,,,,,
PBAR,173272,174004,232.,130000.,,,,,,,,,,,,,,
PBAR,173283,174004,188.,99000.,,,,,,,,,,,,,,
PBAR,173284,174004,456.,440000.,,,,,,,,,,,,,,
PBAR,173285,174004,694.,45400.,,,,,,,,,,,,,,
PBAR,173286,174004,323.,46700.,,,,,,,,,,,,,,
PBAR,173292,174004,145.,76000.,,,,,,,,,,,,,,
PBAR,173294,174004,48.,1300.,200.,100.,,,,,,,,,,,,
PBAR,173297,174004,3.,186.,93.,93.,,,,,,,,,,,,
PBAR,173299,174004,672.,703000.,,,,,,,,,,,,,,
PBAR,173301,173002,775.,1.03+6,,,,,,,,,,,,,,
PBAR,173302,174004,578.,843000.,,,,,,,,,,,,,,
PBAR,173303,174004,508.,775000.,,,,,,,,,,,,,,
PBAR,173304,173002,678.,1.04+6,,,,,,,,,,,,,,
PBAR,173305,173002,915.,1.29+6,,,,,,,,,,,,,,
PBAR,173306,173002,1140.,1.42+6,,,,,,,,,,,,,,
PBAR,173307,173002,997.,1.18+6,,,,,,,,,,,,,,
PBAR,173308,174004,597.,605000.,,,,,,,,,,,,,,
PBAR,173309,174004,440.,217000.,,,,,,,,,,,,,,
PBAR,173310,174004,334.,169000.,,,,,,,,,,,,,,
PBAR,173311,174004,161.,99600.,,,,,,,,,,,,,,
PBAR,173312,174004,462.,332000.,,,,,,,,,,,,,,
PBAR,173313,174004,483.,388000.,,,,,,,,,,,,,,
PBAR,173314,174004,282.,122000.,,,,,,,,,,,,,,
PBAR,173315,174004,194.,94300.,,,,,,,,,,,,,,
PBAR,173317,174004,226.,151000.,,,,,,,,,,,,,,
PBAR,173318,174004,222.,141000.,,,,,,,,,,,,,,
PBAR,173319,174004,151.,85300.,,,,,,,,,,,,,,
PBAR,173320,174004,151.,57500.,,,,,,,,,,,,,,
PBAR,173321,174004,154.,63400.,,,,,,,,,,,,,,
PBAR,173322,174004,199.,96800.,,,,,,,,,,,,,,
PBAR,173323,174004,196.,90900.,,,,,,,,,,,,,,
PBAR,173324,174004,143.,65900.,,,,,,,,,,,,,,
PBAR,173325,174004,145.,71700.,,,,,,,,,,,,,,
PBAR,173326,174004,157.,97600.,,,,,,,,,,,,,,
PBAR,173327,174004,237.,161000.,,,,,,,,,,,,,,
PBAR,173328,174004,314.,217000.,,,,,,,,,,,,,,
PBAR,173329,174004,243.,179000.,,,,,,,,,,,,,,
PBAR,173330,174004,172.,140000.,,,,,,,,,,,,,,
PBAR,173331,174004,238.,182000.,,,,,,,,,,,,,,
PBAR,173332,174004,319.,244000.,,,,,,,,,,,,,,
PBAR,173333,174004,240.,171000.,,,,,,,,,,,,,,
PBAR,173334,174004,234.,154000.,,,,,,,,,,,,,,
PBAR,173335,174004,150.,750000.,,,,,,,,,,,,,,
PBAR,173336,174004,157.,80000.,,,,,,,,,,,,,,
PBAR,173337,174004,144.,53000.,,,,,,,,,,,,,,
PBAR,173338,174004,159.,78000.,,,,,,,,,,,,,,
PBAR,173339,174004,358.,150000.,,,,,,,,,,,,,,
PBAR,173340,174004,145.,76500.,,,,,,,,,,,,,,
PBAR,173343,174004,285.,309000.,,,,,,,,,,,,,,
PBAR,173344,174004,410.,522000.,,,,,,,,,,,,,,
PBAR,173345,174004,321.,453000.,,,,,,,,,,,,,,
PBAR,173346,174004,296.,385000.,,,,,,,,,,,,,,
PBAR,173347,174004,307.,335000.,,,,,,,,,,,,,,
PBAR,173348,174004,221.,246000.,,,,,,,,,,,,,,
PBAR,173349,174004,210.,296000.,,,,,,,,,,,,,,
PBAR,173350,174004,275.,283000.,,,,,,,,,,,,,,
PBAR,173351,174004,261.,227000.,,,,,,,,,,,,,,
PBAR,173352,174004,168.,130000.,,,,,,,,,,,,,,
PBAR,173353,174004,178.,130000.,,,,,,,,,,,,,,
PBAR,173354,174004,160.,87000.,,,,,,,,,,,,,,
PBAR,173355,174004,159.,79000.,,,,,,,,,,,,,,
PBAR,173356,174004,146.,56000.,,,,,,,,,,,,,,
PBAR,173357,174004,140.,46000.,,,,,,,,,,,,,,
PBAR,173358,174004,159.,81100.,,,,,,,,,,,,,,
PBAR,173359,174004,212.,113000.,,,,,,,,,,,,,,
PBAR,173360,174004,371.,227000.,,,,,,,,,,,,,,
PBAR,173361,174004,393.,249000.,,,,,,,,,,,,,,
PBAR,173362,174004,414.,267000.,,,,,,,,,,,,,,
PBAR,173363,174004,573.,914000.,,,,,,,,,,,,,,
PBAR,173364,173002,678.,1.35+6,,,,,,,,,,,,,,
PBAR,173366,173002,645.,1.34+6,,,,,,,,,,,,,,
PBAR,173367,173002,620.,1.4+6,,,,,,,,,,,,,,
PBAR,173368,173002,622.,1.47+6,,,,,,,,,,,,,,
PBAR,173369,173002,616.,1.47+6,,,,,,,,,,,,,,
PBAR,173370,173002,611.,1.43+6,,,,,,,,,,,,,,
PBAR,173371,173002,584.,1.2+6,,,,,,,,,,,,,,
PBAR,173372,174004,7.,1060.,527.,527.,,,,,,,,,,,,
PBAR,173373,173002,685.,1.56+6,,,,,,,,,,,,,,
PBAR,173375,173002,632.,1.08+6,,,,,,,,,,,,,,
PBAR,173376,174004,327.,228000.,,,,,,,,,,,,,,
PBAR,173377,174004,228.,120000.,,,,,,,,,,,,,,
PBAR,173378,174004,177.,96200.,,,,,,,,,,,,,,
PBAR,173379,174004,5.,388.,194.,194.,,,,,,,,,,,,
PBAR,173380,174004,177.,160000.,,,,,,,,,,,,,,
PBAR,173381,174004,196.,231000.,,,,,,,,,,,,,,
PBAR,173382,174004,462.,707000.,,,,,,,,,,,,,,
PBAR,173383,174004,358.,589000.,,,,,,,,,,,,,,
PBAR,173384,174004,224.,371000.,,,,,,,,,,,,,,
PBAR,173385,174004,239.,322000.,,,,,,,,,,,,,,
PBAR,173386,174004,245.,354000.,,,,,,,,,,,,,,
PBAR,173387,174004,229.,404000.,,,,,,,,,,,,,,
PBAR,173388,174004,303.,425000.,,,,,,,,,,,,,,
PBAR,173389,174004,285.,332000.,,,,,,,,,,,,,,
PBAR,173390,174004,185.,186000.,,,,,,,,,,,,,,
PBAR,173391,174004,154.,91100.,,,,,,,,,,,,,,
PBAR,173392,174004,188.,160000.,,,,,,,,,,,,,,
PBAR,173393,174004,166.,100000.,,,,,,,,,,,,,,
PBAR,173394,174004,195.,94200.,,,,,,,,,,,,,,
PBAR,173395,174004,454.,351000.,,,,,,,,,,,,,,
PBAR,173396,174004,185.,173000.,,,,,,,,,,,,,,
PBAR,173397,174004,155.,99600.,,,,,,,,,,,,,,
PBAR,173398,174004,234.,99200.,,,,,,,,,,,,,,
PBAR,173399,174004,312.,161000.,,,,,,,,,,,,,,
PBAR,173400,174004,185.,174000.,,,,,,,,,,,,,,
PBAR,173401,174004,237.,164000.,,,,,,,,,,,,,,
PBAR,173402,174004,179.,168000.,,,,,,,,,,,,,,
PBAR,173403,174004,381.,612000.,,,,,,,,,,,,,,
PBAR,173404,174004,263.,358000.,,,,,,,,,,,,,,
PBAR,173405,174004,232.,294000.,,,,,,,,,,,,,,
PBAR,173406,174004,222.,364000.,,,,,,,,,,,,,,
PBAR,173407,174004,253.,427000.,,,,,,,,,,,,,,
PBAR,173408,174004,324.,413000.,,,,,,,,,,,,,,
PBAR,173409,174004,279.,285000.,,,,,,,,,,,,,,
PBAR,173410,174004,163.,114000.,,,,,,,,,,,,,,
PBAR,173412,174004,176.,120000.,,,,,,,,,,,,,,
PBAR,173413,174004,152.,71000.,,,,,,,,,,,,,,
PBAR,173414,174004,154.,69000.,,,,,,,,,,,,,,
PBAR,173415,174004,520.,668000.,,,,,,,,,,,,,,
PBAR,173416,173002,658.,1.24+6,,,,,,,,,,,,,,
PBAR,173417,173002,714.,1.72+6,,,,,,,,,,,,,,
PBAR,173418,173002,755.,2.18+6,,,,,,,,,,,,,,
PBAR,173419,173002,739.,2.26+6,,,,,,,,,,,,,,
PBAR,173420,173002,678.,1.97+6,,,,,,,,,,,,,,
PBAR,173421,173002,627.,1.58+6,,,,,,,,,,,,,,
PBAR,173422,173002,604.,1.37+6,,,,,,,,,,,,,,
PBAR,173423,173002,650.,1.79+6,,,,,,,,,,,,,,
PBAR,173424,173002,667.,1.85+6,,,,,,,,,,,,,,
PBAR,173425,173002,767.,2.05+6,,,,,,,,,,,,,,
PBAR,173427,173002,653.,1.33+6,,,,,,,,,,,,,,
PBAR,173428,174004,209.,114000.,,,,,,,,,,,,,,
PBAR,173429,174004,180.,95500.,,,,,,,,,,,,,,
PBAR,173431,174004,401.,506000.,,,,,,,,,,,,,,
PBAR,173432,174004,323.,460000.,,,,,,,,,,,,,,
PBAR,173433,174004,213.,311000.,,,,,,,,,,,,,,
PBAR,173434,174004,215.,228000.,,,,,,,,,,,,,,
PBAR,173435,174004,204.,268000.,,,,,,,,,,,,,,
PBAR,173436,174004,259.,219000.,,,,,,,,,,,,,,
PBAR,173437,174004,165.,123000.,,,,,,,,,,,,,,
PBAR,173438,174004,165.,97000.,,,,,,,,,,,,,,
PBAR,173439,174004,151.,64000.,,,,,,,,,,,,,,
PBAR,173440,174004,224.,104000.,,,,,,,,,,,,,,
PBAR,173441,174004,397.,220000.,,,,,,,,,,,,,,
PBAR,173442,174004,441.,255000.,,,,,,,,,,,,,,
PBAR,173443,174004,305.,202000.,,,,,,,,,,,,,,
PBAR,173444,174004,174.,135000.,,,,,,,,,,,,,,
PBAR,173445,174004,246.,184000.,,,,,,,,,,,,,,
PBAR,173446,174004,339.,281000.,,,,,,,,,,,,,,
PBAR,173448,174004,359.,337000.,,,,,,,,,,,,,,
PBAR,173449,174004,397.,471000.,,,,,,,,,,,,,,
PBAR,173450,174004,455.,723000.,,,,,,,,,,,,,,
PBAR,173451,173002,512.,1.04+6,,,,,,,,,,,,,,
PBAR,173452,173002,544.,1.25+6,,,,,,,,,,,,,,
PBAR,173453,173002,551.,1.29+6,,,,,,,,,,,,,,
PBAR,173454,174004,358.,642000.,,,,,,,,,,,,,,
PBAR,173455,174004,243.,346000.,,,,,,,,,,,,,,
PBAR,173456,174004,339.,427000.,,,,,,,,,,,,,,
PBAR,173457,174004,319.,445000.,,,,,,,,,,,,,,
PBAR,173458,174004,374.,410000.,,,,,,,,,,,,,,
PBAR,173459,174004,274.,265000.,,,,,,,,,,,,,,
PBAR,173460,174004,149.,66000.,,,,,,,,,,,,,,
PBAR,173461,174004,142.,55000.,,,,,,,,,,,,,,
PBAR,173462,174004,143.,51000.,,,,,,,,,,,,,,
PBAR,175020,174004,207.,141670.,,,,,,,,,,,,,,
PBAR,176499,1,268.,196000.,,,,,,,,,,,,,,
PBAR,176500,1,332.,243000.,,,,,,,,,,,,,,
PBAR,176501,1,366.,224000.,,,,,,,,,,,,,,
PBAR,176502,1,342.,174000.,,,,,,,,,,,,,,
PBAR,176503,1,365.,171000.,,,,,,,,,,,,,,
PBAR,176504,1,273.,146000.,,,,,,,,,,,,,,
PBAR,176505,1,267.,143000.,,,,,,,,,,,,,,
PBAR,176506,1,215.,108000.,,,,,,,,,,,,,,
PBAR,176507,1,269.,195000.,,,,,,,,,,,,,,
PBAR,176508,1,321.,149000.,,,,,,,,,,,,,,
PBAR,176509,1,233.,116000.,,,,,,,,,,,,,,
PBAR,176510,1,227.,114000.,,,,,,,,,,,,,,
PBAR,180001,180001,98.2,10900.,7800.,83.,,,,,,,,,,,,
PBAR,180002,180001,103.,12700.,4950.,148.,,,,,,,,,,,,
PBAR,180003,180001,93.3,9430.,3980.,150.,,,,,,,,,,,,
PBAR,180004,180001,212.,213000.,17200.,191.,,,,,,,,,,,,
PBAR,180005,180001,254.,187000.,17600.,168.,,,,,,,,,,,,
PBAR,180006,180001,197.,70500.,8190.,120.,,,,,,,,,,,,
PBAR,180007,180001,160.,11500.,21300.,164.,,,,,,,,,,,,
PBAR,180008,180001,126.,13700.,7600.,168.,,,,,,,,,,,,
PBAR,180009,180001,366.6,20600.,107000.,1930.,,,,,,,,,,,,
PBAR,180010,180001,432.1,25000.,414000.,1820.,,,,,,,,,,,,
PBAR,180011,180001,121.,61900.,1.,,,,,,,,,,,,,
PBAR,180012,180001,139.,70600.,1.,,,,,,,,,,,,,
PBAR,180013,180001,201.,105000.,1.,,,,,,,,,,,,,
PBAR,180014,180001,204.,114000.,1.,,,,,,,,,,,,,
PBAR,180015,180001,153.,103000.,1.,,,,,,,,,,,,,
PBAR,180016,180001,164.,132000.,1.,,,,,,,,,,,,,
PBAR,180017,180001,165.,136000.,1.,,,,,,,,,,,,,
PBAR,180018,180001,156.,110000.,1.,,,,,,,,,,,,,
PBAR,180019,180001,146.,84100.,1.,,,,,,,,,,,,,
PBAR,180020,180001,149.,92200.,1.,,,,,,,,,,,,,
PBAR,180021,180001,163.,130000.,1.,,,,,,,,,,,,,
PBAR,180022,180001,279.,212000.,1.,,,,,,,,,,,,,
PBAR,180023,180001,420.,459000.,1.,,,,,,,,,,,,,
PBAR,180024,180001,301.,326000.,1.,,,,,,,,,,,,,
PBAR,180025,180001,286.,275000.,1.,,,,,,,,,,,,,
PBAR,180026,180001,880.,1.66+6,1.82+6,5170.,,,,,,,,,,,,
PBAR,180027,180001,758.,888000.,1.81+6,4520.,,,,,,,,,,,,
PBAR,180028,180001,738.,741000.,1.81+6,4470.,,,,,,,,,,,,
PBAR,180029,180001,732.,702000.,1.81+6,4450.,,,,,,,,,,,,
PBAR,180030,180001,227.,98200.,1.,,,,,,,,,,,,,
PBAR,180031,180001,117.,13700.,5660.,196.,,,,,,,,,,,,
PBAR,180032,180001,431.,70700.,55000.,3090.,,,,,,,,,,,,
PBAR,180033,180001,139.,9990.,8090.,370.,,,,,,,,,,,,
PBAR,180034,180001,132.,11400.,6320.,283.,,,,,,,,,,,,
PBAR,180035,180001,130.,11000.,6290.,279.,,,,,,,,,,,,
PBAR,180036,180001,127.,11600.,6320.,242.,,,,,,,,,,,,
PBAR,180037,180001,127.,12300.,6660.,220.,,,,,,,,,,,,
PBAR,180038,180001,126.,13000.,6760.,196.,,,,,,,,,,,,
PBAR,180039,180001,139.,70600.,9100.,91.,,,,,,,,,,,,
PBAR,180040,180001,241.,172000.,20000.,281.,,,,,,,,,,,,
PBAR,180041,180001,553.,852000.,45400.,1010.,,,,,,,,,,,,
PBAR,180042,180001,830.,1.49+6,142000.,3620.,,,,,,,,,,,,
PBAR,180043,180001,1220.,1.74+6,191000.,9740.,,,,,,,,,,,,
PBAR,180044,180001,896.,1.61+6,157000.,4870.,,,,,,,,,,,,
PBAR,180045,180001,933.,1.88+6,169000.,6520.,,,,,,,,,,,,
PBAR,180046,180001,937.,1.92+6,170000.,6550.,,,,,,,,,,,,
PBAR,180047,180001,807.,1.74+6,160000.,4990.,,,,,,,,,,,,
PBAR,180048,180001,961.,1.95+6,171000.,6940.,,,,,,,,,,,,
PBAR,180049,180001,902.,1.87+6,167000.,6020.,,,,,,,,,,,,
PBAR,180050,180001,1060.,2.08+6,175000.,8950.,,,,,,,,,,,,
PBAR,180051,180001,1050.,1.81+6,168000.,6480.,,,,,,,,,,,,
PBAR,180052,180001,1708.6,847293.,100.,100.,,,,,,,,,,,,
PBAR,180053,180001,1240.,2.+6,205000.,11400.,,,,,,,,,,,,
PBAR,180054,180001,642.,648000.,67500.,1950.,,,,,,,,,,,,
PBAR,180055,180001,371.,461000.,19100.,909.,,,,,,,,,,,,
PBAR,180056,180001,363.,450000.,15200.,883.,,,,,,,,,,,,
PBAR,180057,180001,302.,294000.,10900.,560.,,,,,,,,,,,,
PBAR,180058,180001,254.,247000.,10600.,339.,,,,,,,,,,,,
PBAR,180059,180001,216.,207000.,10100.,228.,,,,,,,,,,,,
PBAR,180060,180001,315.,252000.,15000.,703.,,,,,,,,,,,,
PBAR,180061,180001,174.,163000.,9120.,113.,,,,,,,,,,,,
PBAR,180062,180001,284.,222000.,9190.,606.,,,,,,,,,,,,
PBAR,180063,180001,277.,205000.,9180.,587.,,,,,,,,,,,,
PBAR,180064,180001,361.,214000.,9620.,1700.,,,,,,,,,,,,
PBAR,180065,180001,329.,161000.,9570.,1510.,,,,,,,,,,,,
PBAR,180066,180001,308.,132000.,9530.,1390.,,,,,,,,,,,,
PBAR,180067,180001,862.,914000.,1.82+6,6440.,,,,,,,,,,,,
PBAR,180068,180001,856.,877000.,1.82+6,6400.,,,,,,,,,,,,
PBAR,180069,180001,780.,715000.,1.82+6,5520.,,,,,,,,,,,,
PBAR,180070,180001,227.,98200.,9330.,449.,,,,,,,,,,,,
PBAR,180071,180001,140.3,15400.,6960.,314.,,,,,,,,,,,,
PBAR,180072,180001,142.,11100.,8150.,376.,,,,,,,,,,,,
PBAR,180073,180001,121.,61900.,8090.,58.,,,,,,,,,,,,
PBAR,180074,180001,145.,82500.,9100.,94.,,,,,,,,,,,,
PBAR,180075,180001,178.,177000.,9130.,116.,,,,,,,,,,,,
PBAR,180076,180001,320.,571000.,15400.,427.,,,,,,,,,,,,
PBAR,180077,180001,167.,142000.,9120.,109.,,,,,,,,,,,,
PBAR,180078,180001,167.,140000.,9120.,109.,,,,,,,,,,,,
PBAR,180079,180001,162.,127000.,9120.,106.,,,,,,,,,,,,
PBAR,180080,180001,160.,121000.,9120.,105.,,,,,,,,,,,,
PBAR,180081,180001,158.,116000.,9110.,103.,,,,,,,,,,,,
PBAR,180082,180001,160.,119000.,9120.,104.,,,,,,,,,,,,
PBAR,180083,180001,161.,123000.,9120.,105.,,,,,,,,,,,,
PBAR,180084,180001,165.,136000.,9120.,108.,,,,,,,,,,,,
PBAR,180085,180001,281.,215000.,9190.,598.,,,,,,,,,,,,
PBAR,180086,180001,291.,240000.,9190.,624.,,,,,,,,,,,,
PBAR,180087,180001,394.,281000.,9670.,1890.,,,,,,,,,,,,
PBAR,180088,180001,373.,237000.,9640.,1770.,,,,,,,,,,,,
PBAR,180089,180001,348.,192000.,9600.,1620.,,,,,,,,,,,,
PBAR,180090,180001,327.,158000.,9560.,1500.,,,,,,,,,,,,
PBAR,180091,180001,306.,129000.,9530.,1380.,,,,,,,,,,,,
PBAR,180092,180001,289.,108000.,9500.,1280.,,,,,,,,,,,,
PBAR,180093,180001,214.,89100.,9130.,423.,,,,,,,,,,,,
PBAR,180094,180001,218.,235000.,17200.,199.,,,,,,,,,,,,
PBAR,180095,180001,263.,198000.,14000.,469.,,,,,,,,,,,,
PBAR,180096,180001,711.,1.32+6,128000.,2660.,,,,,,,,,,,,
PBAR,180097,180001,971.,1.81+6,162000.,5290.,,,,,,,,,,,,
PBAR,180098,180001,1190.,1.76+6,185000.,9560.,,,,,,,,,,,,
PBAR,180099,180001,918.,1.64+6,160000.,5060.,,,,,,,,,,,,
PBAR,180100,180001,910.,1.85+6,168000.,6170.,,,,,,,,,,,,
PBAR,180101,180001,819.,1.76+6,161000.,5090.,,,,,,,,,,,,
PBAR,180102,180001,795.,1.72+6,159000.,4890.,,,,,,,,,,,,
PBAR,180103,180001,1260.,1.79+6,190000.,9750.,,,,,,,,,,,,
PBAR,180104,180001,1130.,1.83+6,193000.,10000.,,,,,,,,,,,,
PBAR,180105,180001,764.,1.62+6,105000.,4720.,,,,,,,,,,,,
PBAR,180106,180001,360.,439000.,15200.,877.,,,,,,,,,,,,
PBAR,180107,180001,353.,406000.,15000.,862.,,,,,,,,,,,,
PBAR,180108,180001,256.,254000.,10600.,341.,,,,,,,,,,,,
PBAR,180109,180001,250.,233000.,10500.,333.,,,,,,,,,,,,
PBAR,180110,180001,221.,226000.,10200.,232.,,,,,,,,,,,,
PBAR,180111,180001,218.,217000.,10200.,230.,,,,,,,,,,,,
PBAR,180112,180001,244.,235000.,15500.,266.,,,,,,,,,,,,
PBAR,180113,180001,275.,202000.,9180.,584.,,,,,,,,,,,,
PBAR,180114,180001,265.,180000.,9180.,558.,,,,,,,,,,,,
PBAR,180115,180001,159.,118000.,9110.,104.,,,,,,,,,,,,
PBAR,180116,180001,157.,112000.,9110.,102.,,,,,,,,,,,,
PBAR,180117,180001,249.,146000.,9160.,514.,,,,,,,,,,,,
PBAR,180118,180001,149.,92200.,9110.,97.,,,,,,,,,,,,
PBAR,180119,180001,141.,74900.,9100.,92.,,,,,,,,,,,,
PBAR,180120,180001,141.,73500.,1.,,,,,,,,,,,,,
PBAR,180121,180001,267.,183000.,1.,,,,,,,,,,,,,
PBAR,180122,180001,265.,180000.,1.,,,,,,,,,,,,,
PBAR,180123,180001,253.,154000.,1.,,,,,,,,,,,,,
PBAR,180124,180001,158.,114000.,1.,,,,,,,,,,,,,
PBAR,180125,180001,160.,121000.,1.,,,,,,,,,,,,,
PBAR,180126,180001,168.,144000.,1.,,,,,,,,,,,,,
PBAR,180127,180001,176.,170000.,1.,,,,,,,,,,,,,
PBAR,180128,180001,289.,2.24+6,1.,,,,,,,,,,,,,
PBAR,180129,180001,284.,222000.,1.,,,,,,,,,,,,,
PBAR,180130,180001,175.,168000.,1.,,,,,,,,,,,,,
PBAR,180131,180001,291.,240000.,1.,,,,,,,,,,,,,
PBAR,180132,180001,275.,202000.,1.,,,,,,,,,,,,,
PBAR,180133,180001,154.,104000.,1.,,,,,,,,,,,,,
PBAR,180134,180001,144.,81000.,1.,,,,,,,,,,,,,
PBAR,180135,180001,140.,72000.,1.,,,,,,,,,,,,,
PBAR,180136,180001,216.,16800.,14300.,1150.,,,,,,,,,,,,
PBAR,180137,180001,564.,40200.,408000.,5060.,,,,,,,,,,,,
PBAR,180138,180001,590.,35100.,982000.,4210.,,,,,,,,,,,,
PBAR,180139,180001,200.,16400.,8110.,1010.,,,,,,,,,,,,
PBAR,180140,180001,276.6,17800.,34500.,1110.,,,,,,,,,,,,
PBAR,180141,180001,263.9,19100.,34700.,995.,,,,,,,,,,,,
PBAR,180142,180001,140.,15400.,6960.,314.,,,,,,,,,,,,
PBAR,180143,180001,279.,146000.,1.,,,,,,,,,,,,,
PBAR,180144,180001,305.,192000.,1.,,,,,,,,,,,,,
PBAR,180145,180001,377.,255000.,1.,,,,,,,,,,,,,
PBAR,180146,180001,355.,202000.,1.,,,,,,,,,,,,,
PBAR,180147,180001,906.,637000.,4.35+6,6430.,,,,,,,,,,,,
PBAR,180148,180001,900.,575000.,4.35+6,6430.,,,,,,,,,,,,
PBAR,180149,180001,900.,584000.,4.35+6,6430.,,,,,,,,,,,,
PBAR,180150,180001,900.,588000.,4.35+6,6430.,,,,,,,,,,,,
PBAR,180151,180001,293.,231000.,1.,,,,,,,,,,,,,
PBAR,180152,180001,576.,1.3+6,65400.,2190.,,,,,,,,,,,,
PBAR,180153,180001,570.,1.24+6,65400.,2210.,,,,,,,,,,,,
PBAR,180154,180001,549.,1.11+6,65300.,2120.,,,,,,,,,,,,
PBAR,180155,180001,517.,939000.,65300.,1940.,,,,,,,,,,,,
PBAR,180156,180001,252.,141000.,1.,,,,,,,,,,,,,
PBAR,180157,180001,142.,76400.,1.,,,,,,,,,,,,,
PBAR,180158,180001,164.,13700.,8610.,560.,,,,,,,,,,,,
PBAR,180159,180001,163.,15700.,9150.,497.,,,,,,,,,,,,
PBAR,180160,180001,182.,15100.,8030.,739.,,,,,,,,,,,,
PBAR,180161,180001,1708.6,847293.,100.,100.,,,,,,,,,,,,
PBAR,180162,180001,595.,670000.,64800.,1450.,,,,,,,,,,,,
PBAR,180163,180001,385.,479000.,19200.,1030.,,,,,,,,,,,,
PBAR,180164,180001,1070.,1.95+6,4.37+6,7290.,,,,,,,,,,,,
PBAR,180165,180001,1030.,1.51+6,4.36+6,7120.,,,,,,,,,,,,
PBAR,180166,180001,971.,1.26+6,4.36+6,6750.,,,,,,,,,,,,
PBAR,180167,180001,973.,1.26+6,4.36+6,6760.,,,,,,,,,,,,
PBAR,180168,180001,969.,1.2+6,4.36+6,6750.,,,,,,,,,,,,
PBAR,180169,180001,297.,242000.,9400.,632.,,,,,,,,,,,,
PBAR,180170,180001,290.,224000.,9390.,614.,,,,,,,,,,,,
PBAR,180171,180001,442.,699000.,60000.,1980.,,,,,,,,,,,,
PBAR,180172,180001,421.,588000.,60000.,1930.,,,,,,,,,,,,
PBAR,180173,180001,407.,520000.,60000.,1890.,,,,,,,,,,,,
PBAR,180174,180001,399.,482000.,60000.,1870.,,,,,,,,,,,,
PBAR,180175,180001,174.,165000.,9120.,114.,,,,,,,,,,,,
PBAR,180176,180001,270.,189000.,9180.,569.,,,,,,,,,,,,
PBAR,180177,180001,239.,128000.,9150.,489.,,,,,,,,,,,,
PBAR,180178,180001,225.,105000.,9140.,452.,,,,,,,,,,,,
PBAR,180184,180001,228.,100000.,26000.,2000.,,,,,,,,,,,,
PBAR,180185,180001,444.,202000.,58000.,2000.,,,,,,,,,,,,
PBAR,180193,180001,1000.,9.9+8,9.9+8,9.9+8,,,,,,,,,,,,
PBAR,180195,180001,203.8,90153.6,,,,,,,,,,,,,,
PBAR,180198,180001,125.,34000.,,,,,,,,,,,,,,
PBAR,180199,180001,130.,41000.,,,,,,,,,,,,,,
PBAR,180200,180001,135.,47000.,,,,,,,,,,,,,,
PBAR,180201,180001,142.,59000.,,,,,,,,,,,,,,
PBAR,180202,180001,149.,70000.,,,,,,,,,,,,,,
PBAR,180203,180001,140.,58000.,,,,,,,,,,,,,,
PBAR,180204,180001,150.,750000.,,,,,,,,,,,,,,
PBAR,180205,180001,349.,130000.,,,,,,,,,,,,,,
PBAR,180206,180001,227.,100000.,,,,,,,,,,,,,,
PBAR,180295,180001,260.5,100669.,,,,,,,,,,,,,,
PBAR,183040,180001,203.,90100.,,,,,,,,,,,,,,
PBAR,183041,180001,344.32,134417.,,,,,,,,,,,,,,
PBAR,183121,180001,260.,101000.,,,,,,,,,,,,,,
PBAR,190001,190001,650.,,160000.,,,,,,,,,,,,,
PBAR,190110,190001,35.,11000.,7800.,92.,,,,,,,,,,,,
PBAR,190111,190001,189.5,16100.,5120.,1090.,,,,,,,,,,,,
PBAR,190113,190001,80.,11000.,7800.,92.,,,,,,,,,,,,
PBAR,190114,190001,35.,8200.,4500.,130.,,,,,,,,,,,,
PBAR,190115,190001,140.6,10000.,4600.,130.,,,,,,,,,,,,
PBAR,190116,190001,50.,26000.,10000.,210.,,,,,,,,,,,,
PBAR,190117,190001,126.,14000.,7600.,530.,,,,,,,,,,,,
PBAR,190118,190001,35.,14000.,7600.,530.,,,,,,,,,,,,
PBAR,190119,190001,35.,10000.,4600.,130.,,,,,,,,,,,,
PBAR,190141,190001,200.,42000.,,,,,,,,,,,,,,
PBAR,190142,190001,190.,40000.,,,,,,,,,,,,,,
PBAR,190143,190001,175.,36000.,,,,,,,,,,,,,,
PBAR,190144,190001,150.,32000.,,,,,,,,,,,,,,
PBAR,190302,190001,357.113,455401.,,,,,,,,,,,,1.,1.,
PBAR,190303,190001,371.25,390222.,,,,,,,,,,,,,,
PBAR,5808017,170901,171.,65500.,14800.,164.,,,,,,,,,,,,
PBAR,5808018,180001,171.,65500.,14800.,164.,,,,,,,,,,,,
PBAR,70009038,17113,37.44,8.,1708.4,,,.8,-11.7,-.8,-11.7,-.8,11.7,.8,11.7,,,
PBAR,70009039,17104,95.,718.,718.,,,,,,,,,,,,,
PBAR,70009040,17104,314.2,7854.,7854.,,,,,,,,,,,,,
PBAR,70009094,17113,37.44,8.,1708.4,,,.8,-11.7,-.8,-11.7,-.8,11.7,.8,11.7,,,
PBAR,70009095,17133,43.,1656.4,14.3,,,21.,1.,,1.,,-1.,21.,-1.,,,
PBAR,70009096,17113,37.44,8.,1708.4,,,.8,-11.7,-.8,-11.7,-.8,11.7,.8,11.7,,,
PBAR,70009097,17130,130.,67.7,29293.3,,,1.25,26.,-1.25,26.,-1.25,-26.,1.25,-26.,,,
PBAR,70009197,17112,176.,2178.2,13738.7,,,-1.25,-20.,-1.25,-10.5,-.8,10.5,.8,10.5,,,
PBAR,70026136,17106,322.,328.7,227117.,,,1.75,-46.,-1.75,-46.,-1.75,46.,1.75,46.,,,
PBAR,70026138,17108,644.,2629.7,454235.,,,3.5,-46.,-3.5,-46.,-3.5,46.,3.5,46.,,,
PBAR,70026140,17109,322.,328.7,227117.,,,1.75,-46.,-1.75,-46.,-1.75,46.,1.75,46.,,,
PBAR,70026142,17111,79.8,81.5,3457.,,,1.75,-11.4,-1.75,-11.4,-1.75,11.4,1.75,11.4,,,
PBAR,70026143,17111,119.8,1860.,11377.,,,-.2,-23.,-3.6,-13.,-3.6,12.,13.,12.,,,
PBAR,70026144,17111,80.6,97.,3017.3,,,1.9,-10.6,-1.9,-10.6,-1.9,10.6,1.9,10.6,,,
PBAR,70026145,17111,178.,2294.2,12889.3,,,2.,-21.7,-4.6,-11.7,-.8,13.3,14.2,13.3,,,
PBAR,70026146,17113,37.44,8.,1708.4,,,.8,-11.7,-.8,-11.7,-.8,11.7,.8,11.7,,,
PBAR,70026147,17138,129.3,1539.1,10947.7,,,.8,-22.3,-3.6,-12.3,-2.,12.7,13.,12.7,,,
PBAR,70026148,17116,55.,22.2,2865.,,,-1.1,-12.5,1.1,-12.5,1.1,12.5,-1.1,12.5,,,
PBAR,70026149,17117,167.92,9417.9,2027.3,,,14.81,-3.97,13.01,1.03,-9.99,13.23,-13.19,-3.97,,,
PBAR,70026150,17127,112.,8409.3,9977.3,,,-7.5,8.5,-7.5,-21.5,20.5,8.5,,,,,
PBAR,70026151,17119,145.52,7937.7,1697.5,,,14.93,-3.71,13.13,.49,-9.87,12.69,-13.07,-3.71,,,
PBAR,70026152,17118,35.2,7.5,1420.,,,.8,11.,-.8,11.,-.8,-11.,.8,-11.,,,
PBAR,70026153,17118,85.6,54.2,8825.5,,,1.2,21.,-1.6,11.,-1.6,-11.,1.2,-21.,,,
PBAR,70026154,17137,296.,567.5,110121.,,,2.8,12.,-2.2,39.,-2.2,-31.,2.8,-31.,,,
PBAR,70026155,17139,41.,13.7,1435.9,,,1.,10.25,-1.,10.25,1.,-10.25,-1.,-10.25,,,
PBAR,70026156,17120,105.,54.7,15435.,,,-1.25,-21.,-1.25,21.,1.25,21.,1.25,-21.,,,
PBAR,70026157,17121,158.4,138.,36181.,,,1.5,-31.,1.5,31.,-1.7,21.,-1.7,-21.,,,
PBAR,70026158,17125,105.,78.8,10718.8,,,-1.5,17.5,-1.5,-17.5,1.5,-17.5,1.5,17.5,,,
PBAR,70026159,17122,157.4,272.8,19264.2,,,-2.3,14.7,-2.3,-20.3,1.1,-20.3,2.3,24.7,,,
PBAR,70026163,17123,58.,19.3,4064.8,,,1.,14.5,1.,-14.5,,,,,,,
PBAR,70026164,17123,58.,19.3,4064.8,,,1.,-14.5,1.,14.5,,,,,,,
PBAR,70026165,17129,138.5,8370.,757.,,,-18.5,3.2,18.5,3.2,,,,,,,
PBAR,70026167,17125,72.5,37.8,5081.,,,-1.25,14.5,-1.25,-14.5,,,,,,,
PBAR,70026168,17125,72.5,37.8,5081.,,,-1.25,-14.5,-1.25,14.5,,,,,,,
PBAR,70026169,17132,101.5,7113.5,103.6,,,-14.5,-1.25,14.5,-1.25,-14.5,1.25,14.5,1.25,,,
PBAR,70026170,17140,97.38,183.15,3410.2,,,2.38,10.25,-2.38,10.25,2.38,-10.25,-2.38,-10.25,,,
PBAR,70026172,17132,101.5,7113.5,103.6,,,-14.5,-1.25,14.5,-1.25,-14.5,1.25,14.5,1.25,,,
PBAR,70026173,17143,92.,4055.7,122.7,,,-11.5,-2.,11.5,-2.,-11.5,2.,11.5,2.,,,
PBAR,70026174,17107,84.884,2478.5,4222.8,,,-13.86,4.92,6.14,4.92,4.54,15.48,,,,,
PBAR,70026175,17126,77.,31.1,7860.4,,,-1.1,17.5,-1.1,-17.5,1.1,-17.5,1.1,17.5,,,
PBAR,70026178,17106,55.,28.6,2218.3,,,-1.25,-11.,-1.25,11.,1.25,11.,1.25,-11.,,,
PBAR,70026180,17104,314.2,7854.,7854.,10.,,10.,,-10.,,,10.,,-10.,,,
PBAR,70026181,17111,548.,85903.,85903.,,,20.,,-20.,,,,,,,,
PBAR,70026182,17125,105.,78.8,10718.8,,,-1.5,-17.5,-1.5,17.5,1.5,17.5,1.5,-17.5,,,
PBAR,70026187,17105,201.4,2930.8,4242.8,,,,,,,,,,,,,
PBAR,70026189,17104,95.,718.,718.,,,,,,,,,,,,,
PBAR,70026244,17115,97.5,172.,3652.4,,,2.3,-10.6,-2.3,-10.6,-2.3,10.6,2.3,10.6,,,
PBAR,70026245,17138,173.8,2207.6,12726.7,,,1.9,-21.6,-4.5,-11.6,-.9,13.4,14.1,13.4,,,
PBAR,70026250,17127,86.,1406.5,8064.,,,-3.3,-19.2,-3.3,10.8,11.7,10.8,,,,,
PBAR,70026254,17128,195.2,411.9,37906.3,,,2.53,-22.55,.07,-27.45,-2.27,28.05,,,,,
PBAR,70026255,17130,130.,67.7,29293.3,,,1.25,26.,-1.25,26.,-1.25,-26.,1.25,-26.,,,
PBAR,70026258,17125,105.,78.8,10718.8,,,-1.5,-17.5,-1.5,17.5,1.5,17.5,1.5,-17.5,,,
PBAR,70026259,17122,157.4,272.8,19264.2,,,-2.3,-14.7,-2.3,20.3,1.1,20.3,2.3,-24.7,,,
PBAR,70026274,17111,108.1,234.3,4049.5,,,2.55,-10.6,-2.55,-10.6,-2.55,10.6,2.55,10.6,,,
PBAR,70026276,17126,77.,31.1,7860.4,,,1.1,17.5,1.1,-17.5,-1.1,-17.5,-1.1,17.5,,,
PBAR,70026277,17108,408.2,32663.2,32663.2,,,,-15.,,15.,,,,,,,
PBAR,70026279,17135,88.4,76.6,6978.1,,,1.4,19.7,1.4,-17.3,-2.8,-12.3,-2.8,9.7,,,
PBAR,70026283,17136,136.,118.2,23783.,,,-1.4,-27.5,-1.4,27.5,1.8,17.5,1.8,-17.5,,,
PBAR,70026286,17104,314.2,7854.,7854.,,,,,,,,,,,,,
PBAR,70026296,17136,200.4,309.7,42354.,,,1.9,-31.,1.9,31.,-2.3,21.,-2.3,-21.,,,
PBAR,70026297,17136,126.,94.5,18522.,,,-1.5,-21.,-1.5,21.,1.5,21.,1.5,-21.,,,
PBAR,70026298,17137,276.,885.1,53468.,,,2.9,-31.,2.9,31.,-3.3,21.,-3.3,-21.,,,
PBAR,70026299,17121,84.,28.,12348.,,,1.,-21.,1.,21.,-1.,-21.,-1.,21.,,,
PBAR,70026300,17136,126.,94.5,18522.,,,1.5,-21.,1.5,21.,-1.5,-21.,-1.5,21.,,,
PBAR,70026301,17137,168.,224.,24696.,,,2.,-21.,2.,21.,-2.,-21.,-2.,21.,,,
PBAR,70026302,17123,58.,19.3,4064.8,,,1.,-14.5,1.,14.5,-1.,-14.5,-1.,14.5,,,
PBAR,70026303,17123,58.,19.3,4064.8,,,1.,14.5,1.,-14.5,-1.,14.5,-1.,-14.5,,,
PBAR,70026306,17142,39.,13.,1235.8,,,9.75,1.,9.75,-1.,-9.75,1.,-9.75,-1.,,,
PBAR,70026354,17135,140.,46.7,57166.7,,,1.,35.,-1.,35.,-1.,-35.,1.,-35.,,,
PBAR,70026355,17137,333.,1681.,67609.,,,-4.7,4.1,-4.7,-20.9,-1.7,31.1,,,,,
PBAR,70026356,17137,306.,1579.5,56901.,,,-4.5,5.6,-4.5,-19.4,-1.5,32.6,,,,,
PBAR,70026358,17137,490.,2000.83,200083.,,,3.5,35.,-3.5,35.,-3.5,-35.,3.5,-35.,,,
PBAR,70026359,17133,280.,373.3,114333.,,,2.,35.,-2.,35.,-2.,-35.,2.,-35.,,,
PBAR,70026361,17131,122.5,125.,12505.,,,-1.75,-17.5,-1.75,17.5,1.75,17.5,1.75,-17.5,,,
PBAR,70026362,17131,122.5,125.,12505.,,,-1.75,17.5,-1.75,-17.5,1.75,-17.5,1.75,17.5,,,
PBAR,70026369,17110,152.75,1858.3,12188.9,,,-3.4,18.,-3.4,-18.,13.1,-1.75,13.1,1.75,,,
PBAR,70036166,17129,138.5,8370.,757.,,,-18.5,-3.2,18.5,-3.2,,,,,,,
PBAR,70181237,17141,34.,11.3,818.,,,1.,8.5,-1.,8.5,-1.,-8.5,1.,-8.5,,,
PBAR,70181249,17144,48.,.01,2304.,,,,-12.,,12.,,,,,,,
PBAR,75576017,170901,163.,60520.,15160.,164.,,,,,,,,,,,,
PBARL,201,180001,,CHAN,,,,30.,120.,3.,3.,0.,,,,,,
PBARL,301,180001,,CHAN,,,,30.,120.,3.,3.,0.,,,,,,
PBAR,50,5,650.,,160000.,,,,,,,,,,,,,
PBAR,190002,5,922.,,160000.,,,,,,,,,,,,,
PBAR,51,5,105.,7800.,10.,10.,,,,,,,,,,,,
PBAR,190004,5,140.,8700.,3000.,290.,,,,,,,,,,,,
PBAR,190005,5,96.,12000.,1300.,460.,,,,,,,,,,,,
PBAR,190006,5,60.,1100.,80.,270.,,,,,,,,,,,,
PBAR,190007,5,1.,10.,10.,10.,,,,,,,,,,,,
PBAR,52,5,126.,19000.,95.,360.,,,,,,,,,,,,
PBAR,190009,5,99.,9000.,74.,280.,,,,,,,,,,,,
PBAR,190010,5,117.,15000.,88.,330.,,,,,,,,,,,,
PBAR,190011,5,132.,21000.,99.,380.,,,,,,,,,,,,
PBAR,53,5,102.,9800.,77.,290.,,,,,,,,,,,,
PBAR,54,5,138.,18000.,140.,530.,,,,,,,,,,,,
PBAR,190014,5,191.,36000.,2300.,610.,,,,,,,,,,,,
PBAR,190015,5,186.,20000.,11000.,500.,,,,,,,,,,,,
PBAR,190016,5,103.,5400.,720.,340.,,,,,,,,,,,,
PBAR,55,5,90.,6700.,10.,10.,,,,,,,,,,,,
PBAR,190018,5,325.,35000.,7500.,5200.,,,,,,,,,,,,
PBAR,190019,5,293.,31000.,3500.,4300.,,,,,,,,,,,,
PBAR,190020,5,258.,28000.,2800.,2900.,,,,,,,,,,,,
PBAR,190021,5,180.,11000.,2000.,1500.,,,,,,,,,,,,
PBAR,190022,5,109.,2700.,1300.,630.,,,,,,,,,,,,
PBAR,190023,5,95.,1600.,1200.,520.,,,,,,,,,,,,
PBAR,190024,5,90.,6700.,67.,250.,,,,,,,,,,,,
PBAR,190112,5,87.,9760.,7000.,83.,,,,,,,,,,,,
PBAR,56,5,136.,33000.,,,,,,,,,,,,,,
PBAR,190136,5,238.,5100.,,,,,,,,,,,,,,
PBAR,190138,5,238.,51000.,,,,,,,,,,,,,,
PBAR,57,5,250.,52000.,,,,,,,,,,,,,,
PBAR,58,5,136.,36000.,,,,,,,,,,,,,,
PBAR,59,5,200.,42000.,,,,,,,,,,,,,,
PBAR,190145,5,217.,5900.,41000.,100.,,,,,,,,,,,,
PBAR,190146,5,190.,26000.,15000.,100.,,,,,,,,,,,,
PBAR,190147,5,351.,9500.,180000.,100.,,,,,,,,,,,,
PBAR,190148,5,238.,33000.,15000.,100.,,,,,,,,,,,,
PBAR,190149,5,238.,26000.,15000.,100.,,,,,,,,,,,,
PBAR,190150,5,217.,3200.,41000.,100.,,,,,,,,,,,,
PBAR,190151,5,351.,5200.,180000.,100.,,,,,,,,,,,,
PBAR,190235,5,96.,10.,10.,128.,,,,,,,,,,,,
PBAR,190260,5,99.,90000.,74.,280.,,,,,,,,,,,,
